{
  "os": "Windows-11-10.0.26200-SP0",
  "python": "CPython 3.12.3",
  "startedAt": "2025-11-30T01:35:02.869721Z",
  "program": "ZNEUS/PROJEKT2/main copy.ipynb",
  "codePath": "ZNEUS/PROJEKT2/main copy.ipynb",
  "email": "xurbaneka2@stuba.sk",
  "root": "C:\\Users\\adria\\PycharmProjects\\pythonProject\\ZNEUS\\PROJEKT2",
  "host": "Ejdrien_machine",
  "executable": "C:\\Users\\adria\\PycharmProjects\\pythonProject\\.venv\\Scripts\\python.exe",
  "cpu_count": 6,
  "cpu_count_logical": 12,
  "gpu": "NVIDIA GeForce GTX 1650",
  "gpu_count": 1,
  "disk": {
    "/": {
      "total": "511050772480",
      "used": "335269744640"
    }
  },
  "memory": {
    "total": "25063165952"
  },
  "gpu_nvidia": [
    {
      "name": "NVIDIA GeForce GTX 1650",
      "memoryTotal": "4294967296",
      "cudaCores": 896,
      "architecture": "Turing",
      "uuid": "GPU-2930e0a7-97fd-b59d-3d1d-1b2b93940c93"
    }
  ],
  "cudaVersion": "12.9",
  "writerId": "2yrtjg5pce0x5r3o7d5zxfqe4tntc4xs"
}